{
    "Customer Type": {
        "New": 0.1366586949094636,
        "Returning": 0.8633413050905364
    },
    "Store ID": {
        "(74000.938, 74013.4]": 0.20994192005466347,
        "(74013.4, 74025.8]": 0.06696276050563717,
        "(74025.8, 74038.2]": 0.10727707550392894,
        "(74038.2, 74050.6]": 0.36897847625555175,
        "(74050.6, 74063.0]": 0.24683976768021865
    },
    "Loan Amount": {
        "(98.6, 380.0]": 0.36487871540826783,
        "(380.0, 660.0]": 0.38213187564058765,
        "(660.0, 940.0]": 0.14998291766313632,
        "(940.0, 1220.0]": 0.061154765971984965,
        "(1220.0, 1500.0]": 0.041851725316023235
    },
    "Net Monthly Income": {
        "(-8.981, 1796.132]": 0.46139391868807655,
        "(1796.132, 3592.264]": 0.4287666552784421,
        "(3592.264, 5388.396]": 0.08729074137341988,
        "(5388.396, 7184.528]": 0.019473864024598567,
        "(7184.528, 8980.66]": 0.0030748206354629312
    },
    "Income Type": {
        "Disability Income": 0.12316364878715408,
        "Employment": 0.6809019473864024,
        "Employment Insurance": 0.015715749914588316,
        "Other": 0.10317731465664502,
        "Retirement Income": 0.07601639904338914,
        "Self-Employed": 0.0,
        "Social Security": 0.0010249402118209772
    },
    "Duration at Address": {
        "(-0.299, 59.8]": 0.6592073795695251,
        "(59.8, 119.6]": 0.17782712675093953,
        "(119.6, 179.4]": 0.08899897505978818,
        "(179.4, 239.2]": 0.040314314998291766,
        "(239.2, 299.0]": 0.033652203621455413
    },
    "Duration of Income": {
        "(-0.36, 72.0]": 0.647249743764947,
        "(72.0, 144.0]": 0.1938845234028015,
        "(144.0, 216.0]": 0.1018107277075504,
        "(216.0, 288.0]": 0.037410317731465664,
        "(288.0, 360.0]": 0.019644687393235393
    },
    "Previous Loan Count": {
        "(-0.07, 14.0]": 0.6961052271950803,
        "(14.0, 28.0]": 0.1539118551417834,
        "(28.0, 42.0]": 0.08165357020840451,
        "(42.0, 56.0]": 0.041168431841475915,
        "(56.0, 70.0]": 0.027160915613255895
    }
}