{
    "Customer Type": {
        "Total": {
            "New": 2696,
            "Returning": 46299
        },
        "Bad": {
            "New": 800,
            "Returning": 5054
        },
        "Good": {
            "New": 1896,
            "Returning": 41245
        },
        "good_odd": {
            "New": 0.0439489117,
            "Returning": 0.9560510883
        },
        "bad_odd": {
            "New": 0.1366586949,
            "Returning": 0.8633413051
        },
        "WoE": {
            "New": -1.1344586776,
            "Returning": 0.1020012516
        },
        "IV": {
            "New": 0.1051754181,
            "Returning": 0.0094565139
        }
    },
    "Store ID": {
        "Total": {
            "(74000.938, 74013.4]": 11034,
            "(74013.4, 74025.8]": 2822,
            "(74025.8, 74038.2]": 5075,
            "(74038.2, 74050.6]": 17036,
            "(74050.6, 74063.0]": 13028
        },
        "Bad": {
            "(74000.938, 74013.4]": 1229,
            "(74013.4, 74025.8]": 392,
            "(74025.8, 74038.2]": 628,
            "(74038.2, 74050.6]": 2160,
            "(74050.6, 74063.0]": 1445
        },
        "Good": {
            "(74000.938, 74013.4]": 9805,
            "(74013.4, 74025.8]": 2430,
            "(74025.8, 74038.2]": 4447,
            "(74038.2, 74050.6]": 14876,
            "(74050.6, 74063.0]": 11583
        },
        "good_odd": {
            "(74000.938, 74013.4]": 0.2272779954,
            "(74013.4, 74025.8]": 0.056326928,
            "(74025.8, 74038.2]": 0.1030805962,
            "(74038.2, 74050.6]": 0.3448227904,
            "(74050.6, 74063.0]": 0.26849169
        },
        "bad_odd": {
            "(74000.938, 74013.4]": 0.2099419201,
            "(74013.4, 74025.8]": 0.0669627605,
            "(74025.8, 74038.2]": 0.1072770755,
            "(74038.2, 74050.6]": 0.3689784763,
            "(74050.6, 74063.0]": 0.2468397677
        },
        "WoE": {
            "(74000.938, 74013.4]": 0.0793429963,
            "(74013.4, 74025.8]": -0.1729639362,
            "(74025.8, 74038.2]": -0.0399038087,
            "(74038.2, 74050.6]": -0.0677076784,
            "(74050.6, 74063.0]": 0.0840805516
        },
        "IV": {
            "(74000.938, 74013.4]": 0.0013754962,
            "(74013.4, 74025.8]": 0.0018396155,
            "(74025.8, 74038.2]": 0.0001674555,
            "(74038.2, 74050.6]": 0.0016355254,
            "(74050.6, 74063.0]": 0.0018205056
        }
    },
    "Loan Amount": {
        "Total": {
            "(98.6, 380.0]": 19140,
            "(380.0, 660.0]": 18294,
            "(660.0, 940.0]": 7178,
            "(940.0, 1220.0]": 2646,
            "(1220.0, 1500.0]": 1737
        },
        "Bad": {
            "(98.6, 380.0]": 2136,
            "(380.0, 660.0]": 2237,
            "(660.0, 940.0]": 878,
            "(940.0, 1220.0]": 358,
            "(1220.0, 1500.0]": 245
        },
        "Good": {
            "(98.6, 380.0]": 17004,
            "(380.0, 660.0]": 16057,
            "(660.0, 940.0]": 6300,
            "(940.0, 1220.0]": 2288,
            "(1220.0, 1500.0]": 1492
        },
        "good_odd": {
            "(98.6, 380.0]": 0.394149417,
            "(380.0, 660.0]": 0.372198141,
            "(660.0, 940.0]": 0.1460327762,
            "(940.0, 1220.0]": 0.0530353956,
            "(1220.0, 1500.0]": 0.0345842702
        },
        "bad_odd": {
            "(98.6, 380.0]": 0.3648787154,
            "(380.0, 660.0]": 0.3821318756,
            "(660.0, 940.0]": 0.1499829177,
            "(940.0, 1220.0]": 0.061154766,
            "(1220.0, 1500.0]": 0.0418517253
        },
        "WoE": {
            "(98.6, 380.0]": 0.0771650566,
            "(380.0, 660.0]": -0.0263394237,
            "(660.0, 940.0]": -0.026690314,
            "(940.0, 1220.0]": -0.1424482667,
            "(1220.0, 1500.0]": -0.1907340625
        },
        "IV": {
            "(98.6, 380.0]": 0.0022586753,
            "(380.0, 660.0]": 0.0002616488,
            "(660.0, 940.0]": 0.0001054305,
            "(940.0, 1220.0]": 0.0011565902,
            "(1220.0, 1500.0]": 0.0013861512
        }
    },
    "Net Monthly Income": {
        "Total": {
            "(64.716, 1855.031]": 24812,
            "(1855.031, 3636.438]": 19376,
            "(3636.438, 5417.845]": 3792,
            "(5417.845, 7199.253]": 847,
            "(7199.253, 8980.66]": 167
        },
        "Bad": {
            "(64.716, 1855.031]": 2809,
            "(1855.031, 3636.438]": 2433,
            "(3636.438, 5417.845]": 482,
            "(5417.845, 7199.253]": 113,
            "(7199.253, 8980.66]": 17
        },
        "Good": {
            "(64.716, 1855.031]": 22003,
            "(1855.031, 3636.438]": 16943,
            "(3636.438, 5417.845]": 3310,
            "(5417.845, 7199.253]": 734,
            "(7199.253, 8980.66]": 150
        },
        "good_odd": {
            "(64.716, 1855.031]": 0.510025266,
            "(1855.031, 3636.438]": 0.3927354489,
            "(3636.438, 5417.845]": 0.076725157,
            "(5417.845, 7199.253]": 0.0170139774,
            "(7199.253, 8980.66]": 0.0034769709
        },
        "bad_odd": {
            "(64.716, 1855.031]": 0.4798428425,
            "(1855.031, 3636.438]": 0.4156132559,
            "(3636.438, 5417.845]": 0.0823368637,
            "(5417.845, 7199.253]": 0.0193030407,
            "(7199.253, 8980.66]": 0.0029039973
        },
        "WoE": {
            "(64.716, 1855.031]": 0.0610016268,
            "(1855.031, 3636.438]": -0.0566189274,
            "(3636.438, 5417.845]": -0.0705892784,
            "(5417.845, 7199.253]": -0.1262274229,
            "(7199.253, 8980.66]": 0.1800733173
        },
        "IV": {
            "(64.716, 1855.031]": 0.0018411769,
            "(1855.031, 3636.438]": 0.0012953169,
            "(3636.438, 5417.845]": 0.0003961263,
            "(5417.845, 7199.253]": 0.0002889426,
            "(7199.253, 8980.66]": 0.0001031773
        }
    },
    "Income Type": {
        "Total": {
            "Disability Income": 7226,
            "Employment": 28597,
            "Employment Insurance": 606,
            "Other": 5248,
            "Retirement Income": 7281,
            "Self-Employed": 6,
            "Social Security": 31
        },
        "Bad": {
            "Disability Income": 721,
            "Employment": 3986,
            "Employment Insurance": 92,
            "Other": 604,
            "Retirement Income": 445,
            "Self-Employed": 0,
            "Social Security": 6
        },
        "Good": {
            "Disability Income": 6505,
            "Employment": 24611,
            "Employment Insurance": 514,
            "Other": 4644,
            "Retirement Income": 6836,
            "Self-Employed": 6,
            "Social Security": 25
        },
        "good_odd": {
            "Disability Income": 0.1507846364,
            "Employment": 0.5704781994,
            "Employment Insurance": 0.0119144202,
            "Other": 0.1076470179,
            "Retirement Income": 0.1584571521,
            "Self-Employed": 0.0001390788,
            "Social Security": 0.0005794951
        },
        "bad_odd": {
            "Disability Income": 0.1231636488,
            "Employment": 0.6809019474,
            "Employment Insurance": 0.0157157499,
            "Other": 0.1031773147,
            "Retirement Income": 0.076016399,
            "Self-Employed": 0.0,
            "Social Security": 0.0010249402
        },
        "WoE": {
            "Disability Income": 0.2023386209,
            "Employment": -0.1769433571,
            "Employment Insurance": -0.2769139444,
            "Other": 0.0424085121,
            "Retirement Income": 0.7345351293,
            "Self-Employed": null,
            "Social Security": -0.5702322771
        },
        "IV": {
            "Disability Income": 0.0055887925,
            "Employment": 0.0195387487,
            "Employment Insurance": 0.0010526412,