{
    "Customer Type": {
        "columns": [
            "Total",
            "Bad",
            "Good",
            "good_odd",
            "bad_odd",
            "WoE",
            "IV"
        ],
        "index": [
            "New",
            "Returning"
        ],
        "data": [
            [
                2696,
                800,
                1896,
                0.0439489117,
                0.1366586949,
                -1.1344586776,
                0.1051754181
            ],
            [
                46299,
                5054,
                41245,
                0.9560510883,
                0.8633413051,
                0.1020012516,
                0.0094565139
            ]
        ]
    },
    "Store ID": {
        "columns": [
            "Total",
            "Bad",
            "Good",
            "good_odd",
            "bad_odd",
            "WoE",
            "IV"
        ],
        "index": [
            "(74000.938, 74013.4]",
            "(74013.4, 74025.8]",
            "(74025.8, 74038.2]",
            "(74038.2, 74050.6]",
            "(74050.6, 74063.0]"
        ],
        "data": [
            [
                11034,
                1229,
                9805,
                0.2272779954,
                0.2099419201,
                0.0793429963,
                0.0013754962
            ],
            [
                2822,
                392,
                2430,
                0.056326928,
                0.0669627605,
                -0.1729639362,
                0.0018396155
            ],
            [
                5075,
                628,
                4447,
                0.1030805962,
                0.1072770755,
                -0.0399038087,
                0.0001674555
            ],
            [
                17036,
                2160,
                14876,
                0.3448227904,
                0.3689784763,
                -0.0677076784,
                0.0016355254
            ],
            [
                13028,
                1445,
                11583,
                0.26849169,
                0.2468397677,
                0.0840805516,
                0.0018205056
            ]
        ]
    },
    "Loan Amount": {
        "columns": [
            "Total",
            "Bad",
            "Good",
            "good_odd",
            "bad_odd",
            "WoE",
            "IV"
        ],
        "index": [
            "(98.6, 380.0]",
            "(380.0, 660.0]",
            "(660.0, 940.0]",
            "(940.0, 1220.0]",
            "(1220.0, 1500.0]"
        ],
        "data": [
            [
                19140,
                2136,
                17004,
                0.394149417,
                0.3648787154,
                0.0771650566,
                0.0022586753
            ],
            [
                18294,
                2237,
                16057,
                0.372198141,
                0.3821318756,
                -0.0263394237,
                0.0002616488
            ],
            [
                7178,
                878,
                6300,
                0.1460327762,
                0.1499829177,
                -0.026690314,
                0.0001054305
            ],
            [
                2646,
                358,
                2288,
                0.0530353956,
                0.061154766,
                -0.1424482667,
                0.0011565902
            ],
            [
                1737,
                245,
                1492,
                0.0345842702,
                0.0418517253,
                -0.1907340625,
                0.0013861512
            ]
        ]
    },
    "Net Monthly Income": {
        "columns": [
            "Total",
            "Bad",
            "Good",
            "good_odd",
            "bad_odd",
            "WoE",
            "IV"
        ],
        "index": [
            "(64.716, 1855.031]",
            "(1855.031, 3636.438]",
            "(3636.438, 5417.845]",
            "(5417.845, 7199.253]",
            "(7199.253, 8980.66]"
        ],
        "data": [
            [
                24812,
                2809,
                22003,
                0.510025266,
                0.4798428425,
                0.0610016268,
                0.0018411769
            ],
            [
                19376,
                2433,
                16943,
                0.3927354489,
                0.4156132559,
                -0.0566189274,
                0.0012953169
            ],
            [
                3792,
                482,
                3310,
                0.076725157,
                0.0823368637,
                -0.0705892784,
                0.0003961263
            ],
            [
                847,
                113,
                734,
                0.0170139774,
                0.0193030407,
                -0.1262274229,
                0.0002889426
            ],
            [
                167,
                17,
                150,
                0.0034769709,
                0.0029039973,
                0.1800733173,
                0.0001031773
            ]
        ]
    },
    "Income Type": {
        "columns": [
            "Total",
            "Bad",
            "Good",
            "good_odd",
            "bad_odd",
            "WoE",
            "IV"
        ],
        "index": [
            "Disability Income",
            "Employment",
            "Employment Insurance",
            "Other",
            "Retirement Income",
            "Self-Employed",
            "Social Security"
        ],
        "data": [
            [
                7226,
                721,
                6505,
                0.1507846364,
                0.1231636488,
                0.2023386209,
                0.0055887925
            ],
            [
                28597,
                3986,
                24611,
                0.5704781994,
                0.6809019474,
                -0.1769433571,
                0.0195387487
            ],
            [
                606,
                92,
                514,
                0.0119144202,
                0.0157157499,
                -0.2769139444,
                0.0010526412
            ],
            [
                5248,
                604,
                4644,
                0.1076470179,
                0.1031773147,
                0.0424085121,
                0.0001895535
            ],
            [
                7281,
                445,
                6836,
                0.1584571521,
                0.076016399,
                0.7345351293,
                0.0605556292
            ],
            [
                6,
                0,
                6,
                0.0001390788,
                0.0,
                null,
                0.0
            ],
            [
                31,
                6,
                25,
                0.0005794951,
                0.0010249402,
                -0.5702322771,
                0.0002540072
            ]
        ]
    },
    "Duration at Address": {
        "columns": [
            "Total",
            "Bad",
            "Good",
            "good_odd",
            "bad_odd",
            "WoE",
            "IV"
        ],
        "index": [
            "(-0.299, 59.8]",
            "(59.8, 119.6]",
            "(119.6, 179.4]",
            "(179.4, 239.2]",
            "(239.2, 299.0]"
        ],